{
  "ext/controller/UserObj.controller.js": 1724731799311,
  "ext/controller/ListEmail.controller.js": 1724731795691,
  "i18n/i18n.properties": 1721974729934,
  "manifest.json": 1725354857793,
  "Component.js": 1721797064984,
  "ext/controller/UserObj-dbg.controller.js": 1724731799311,
  "ext/controller/UserObj.controller.js.map": 1725354857958,
  "ext/controller/ListEmail-dbg.controller.js": 1724731795691,
  "ext/controller/ListEmail.controller.js.map": 1725354857958,
  "Component-dbg.js": 1721797064984,
  "Component.js.map": 1725354857945,
  "Component-preload.js": 1725354858129,
  "Component-preload.js.map": 1725354858129,
  "index.html": 1721797064984
}