{
  "ext/controller/Objectteacher.controller.js.map": 1725354861143,
  "ext/controller/Listteacher.controller.js": 1725252005338,
  "ext/controller/Objectteacher.controller.js": 1725257264596,
  "ext/fragment/Att.js": 1725260198918,
  "manifest.json": 1725354860956,
  "Component.js": 1721797920677,
  "ext/controller/Objectteacher-dbg.controller.js": 1725257264596,
  "i18n/i18n.properties": 1722234005248,
  "ext/controller/Listteacher-dbg.controller.js": 1725252005338,
  "ext/controller/Listteacher.controller.js.map": 1725354861126,
  "ext/fragment/Att-dbg.js": 1725260198918,
  "ext/fragment/Att.js.map": 1725354861126,
  "Component-dbg.js": 1721797920677,
  "Component.js.map": 1725354861116,
  "Component-preload.js": 1725354861342,
  "Component-preload.js.map": 1725354861342,
  "ext/fragment/Att.fragment.xml": 1725260205958,
  "index.html": 1721797920677
}